Scaffold	Scaffold_length_bp	Chloroplast_covered_bp	Chloroplast_coverage_pct	Mitochondrial_covered_bp	Mitochondrial_coverage_pct	Total_organelle_covered_bp	Total_organelle_coverage_pct	Decision
scaffold_140	43578	43576	99.995411	0	0.000000	43576	99.995411	REMOVE
scaffold_174	51885	51881	99.992291	0	0.000000	51881	99.992291	REMOVE
scaffold_187	55645	55639	99.989217	0	0.000000	55639	99.989217	REMOVE
scaffold_179	71817	71806	99.984683	0	0.000000	71806	99.984683	REMOVE
scaffold_495	56691	56682	99.984124	0	0.000000	56682	99.984124	REMOVE
scaffold_439	77973	77960	99.983328	0	0.000000	77960	99.983328	REMOVE
scaffold_417	46088	46078	99.978302	0	0.000000	46078	99.978302	REMOVE
scaffold_433	52340	52328	99.977073	0	0.000000	52328	99.977073	REMOVE
scaffold_62	81111	81091	99.975342	0	0.000000	81091	99.975342	REMOVE
scaffold_177	62709	62693	99.974485	0	0.000000	62693	99.974485	REMOVE
scaffold_207	42594	42583	99.974175	0	0.000000	42583	99.974175	REMOVE
scaffold_164	45304	45292	99.973512	0	0.000000	45292	99.973512	REMOVE
scaffold_163	43518	43504	99.967829	0	0.000000	43504	99.967829	REMOVE
scaffold_144	44982	44967	99.966653	0	0.000000	44967	99.966653	REMOVE
scaffold_86	67182	67159	99.965765	0	0.000000	67159	99.965765	REMOVE
scaffold_134	53739	53720	99.964644	0	0.000000	53720	99.964644	REMOVE
scaffold_58	42382	42367	99.964608	0	0.000000	42367	99.964608	REMOVE
scaffold_197	44879	44863	99.964349	0	0.000000	44863	99.964349	REMOVE
scaffold_47	48686	48668	99.963028	0	0.000000	48668	99.963028	REMOVE
scaffold_458	46623	46604	99.959248	0	0.000000	46604	99.959248	REMOVE
scaffold_496	43594	43576	99.958710	0	0.000000	43576	99.958710	REMOVE
scaffold_171	50530	50509	99.958441	0	0.000000	50509	99.958441	REMOVE
scaffold_43	45306	45287	99.958063	0	0.000000	45287	99.958063	REMOVE
scaffold_451	50156	50134	99.956137	0	0.000000	50134	99.956137	REMOVE
scaffold_128	46325	46304	99.954668	0	0.000000	46304	99.954668	REMOVE
scaffold_202	44033	44013	99.954580	0	0.000000	44013	99.954580	REMOVE
scaffold_188	51963	51939	99.953813	0	0.000000	51939	99.953813	REMOVE
scaffold_170	47980	47957	99.952063	0	0.000000	47957	99.952063	REMOVE
scaffold_176	60958	60927	99.949145	0	0.000000	60927	99.949145	REMOVE
scaffold_203	43859	43834	99.942999	0	0.000000	43834	99.942999	REMOVE
scaffold_498	71126	71084	99.940950	0	0.000000	71084	99.940950	REMOVE
scaffold_156	55762	55729	99.940820	0	0.000000	55729	99.940820	REMOVE
scaffold_126	44789	44759	99.933019	0	0.000000	44759	99.933019	REMOVE
scaffold_115	43761	43731	99.931446	0	0.000000	43731	99.931446	REMOVE
scaffold_137	42354	42324	99.929168	0	0.000000	42324	99.929168	REMOVE
scaffold_510	47629	47595	99.928615	0	0.000000	47595	99.928615	REMOVE
scaffold_193	46257	46222	99.924336	0	0.000000	46222	99.924336	REMOVE
scaffold_13	53247	53201	99.913610	0	0.000000	53201	99.913610	REMOVE
scaffold_183	83166	0	0.000000	83086	99.903807	83086	99.903807	REMOVE
scaffold_283	33152	0	0.000000	33102	99.849180	33102	99.849180	REMOVE
scaffold_220	39086	0	0.000000	39025	99.843934	39025	99.843934	REMOVE
scaffold_206	42605	0	0.000000	42531	99.826311	42531	99.826311	REMOVE
scaffold_108	44092	43982	99.750522	0	0.000000	43982	99.750522	REMOVE
scaffold_201	44083	43722	99.181090	0	0.000000	43722	99.181090	REMOVE
scaffold_216	39957	0	0.000000	39379	98.553445	39379	98.553445	REMOVE
scaffold_295	31878	0	0.000000	31138	97.678650	31138	97.678650	REMOVE
scaffold_85	97414	94450	96.957316	0	0.000000	94450	96.957316	REMOVE
scaffold_195	45411	43944	96.769505	0	0.000000	43944	96.769505	REMOVE
scaffold_51	54018	51535	95.403384	0	0.000000	51535	95.403384	REMOVE
scaffold_198	44806	42368	94.558764	0	0.000000	42368	94.558764	REMOVE
scaffold_181	84611	0	0.000000	78385	92.641619	78385	92.641619	REMOVE
scaffold_168	57816	52247	90.367718	0	0.000000	52247	90.367718	REMOVE
scaffold_230	38272	0	0.000000	34557	90.293165	34557	90.293165	REMOVE
scaffold_270	34189	0	0.000000	29682	86.817397	29682	86.817397	REMOVE
scaffold_443	56491	46894	83.011453	0	0.000000	46894	83.011453	REMOVE
scaffold_180	80397	63917	79.501723	0	0.000000	63917	79.501723	REMOVE
scaffold_185	59215	46431	78.410876	0	0.000000	46431	78.410876	REMOVE
scaffold_30	55552	42870	77.170939	0	0.000000	42870	77.170939	REMOVE
scaffold_165	73990	44904	60.689282	0	0.000000	44904	60.689282	REMOVE
scaffold_10	202623	115468	56.986620	0	0.000000	115468	56.986620	REMOVE
