Original_contig	Original_start	Original_end	Fragment_name	Fragment_length	Juicebox_numeric_ID	Moved_to_debris
ctg00000154.1	1	11280000	ctg00000154.1:::fragment_1	11280000	154	No
ctg00000154.1	11280001	11305000	ctg00000154.1:::fragment_2:::debris	25000	155	Yes
ctg00000154.1	11305001	46811946	ctg00000154.1:::fragment_3	35506946	156	No
ctg00000171.1	1	20310875	ctg00000171.1:::fragment_1	20310875	173	No
ctg00000171.1	20310876	20435875	ctg00000171.1:::fragment_2:::debris	125000	174	Yes
ctg00000171.1	20435876	43081410	ctg00000171.1:::fragment_3	22645535	175	No
ctg00000192.1	1	6751905	ctg00000192.1:::fragment_1	6751905	196	No
ctg00000192.1	6751906	6776905	ctg00000192.1:::fragment_2:::debris	25000	197	Yes
ctg00000192.1	6776906	41023811	ctg00000192.1:::fragment_3	34246906	198	No
ctg00000201.1	1	3279644	ctg00000201.1:::fragment_1	3279644	207	No
ctg00000201.1	3279645	3304644	ctg00000201.1:::fragment_2:::debris	25000	208	Yes
ctg00000201.1	3304645	10418733	ctg00000201.1:::fragment_3	7114089	209	No
